{
  "model_performance": {
    "accuracy": 0.8345454545454546,
    "precision": 0.0,
    "recall": 0.0,
    "f1_score": 0.0,
    "total_samples": 550,
    "total_errors": 91,
    "error_rate": 0.16545454545454547
  },
  "total_parts": 550,
  "unique_part_numbers": 84,
  "unique_feeder_ids": 550,
  "most_used_feeder_id": "M1-1",
  "part_number_count_per_feeder": {
    "M1-1": 0,
    "M1-10": 0,
    "M1-11": 0,
    "M1-12": 0,
    "M1-13": 0,
    "M1-14": 0,
    "M1-15": 0,
    "M1-16": 0,
    "M1-17": 0,
    "M1-18": 0,
    "M1-19": 1,
    "M1-2": 0,
    "M1-20": 1,
    "M1-21": 1,
    "M1-22": 1,
    "M1-23": 1,
    "M1-24": 1,
    "M1-25": 1,
    "M1-26": 1,
    "M1-27": 0,
    "M1-28": 0,
    "M1-29": 0,
    "M1-3": 0,
    "M1-30": 0,
    "M1-31": 0,
    "M1-32": 0,
    "M1-33": 0,
    "M1-34": 0,
    "M1-35": 0,
    "M1-36": 0,
    "M1-37": 0,
    "M1-38": 0,
    "M1-39": 0,
    "M1-4": 0,
    "M1-40": 0,
    "M1-41": 0,
    "M1-42": 0,
    "M1-43": 0,
    "M1-44": 0,
    "M1-45": 0,
    "M1-5": 0,
    "M1-6": 0,
    "M1-7": 0,
    "M1-8": 0,
    "M1-9": 0,
    "M10-1": 0,
    "M10-10": 0,
    "M10-11": 0,
    "M10-12": 0,
    "M10-13": 0,
    "M10-14": 0,
    "M10-15": 0,
    "M10-16": 0,
    "M10-17": 0,
    "M10-18": 0,
    "M10-19": 0,
    "M10-2": 0,
    "M10-20": 0,
    "M10-21": 1,
    "M10-22": 0,
    "M10-23": 0,
    "M10-24": 1,
    "M10-25": 0,
    "M10-26": 0,
    "M10-27": 1,
    "M10-28": 0,
    "M10-29": 0,
    "M10-3": 0,
    "M10-30": 0,
    "M10-31": 1,
    "M10-32": 0,
    "M10-33": 0,
    "M10-34": 0,
    "M10-35": 0,
    "M10-36": 0,
    "M10-37": 0,
    "M10-38": 0,
    "M10-39": 0,
    "M10-4": 0,
    "M10-40": 0,
    "M10-41": 0,
    "M10-42": 0,
    "M10-43": 0,
    "M10-44": 0,
    "M10-45": 0,
    "M10-5": 0,
    "M10-6": 0,
    "M10-7": 0,
    "M10-8": 0,
    "M10-9": 0,
    "M11-1": 0,
    "M11-10": 0,
    "M11-11": 0,
    "M11-12": 0,
    "M11-13": 0,
    "M11-14": 0,
    "M11-15": 0,
    "M11-16": 0,
    "M11-17": 0,
    "M11-18": 0,
    "M11-19": 1,
    "M11-2": 0,
    "M11-20": 0,
    "M11-21": 0,
    "M11-22": 0,
    "M11-23": 1,
    "M11-24": 0,
    "M11-25": 0,
    "M11-26": 0,
    "M11-27": 1,
    "M11-28": 0,
    "M11-29": 0,
    "M11-3": 0,
    "M11-30": 0,
    "M11-31": 0,
    "M11-32": 0,
    "M11-33": 0,
    "M11-34": 0,
    "M11-35": 0,
    "M11-36": 0,
    "M11-37": 0,
    "M11-38": 0,
    "M11-39": 0,
    "M11-4": 0,
    "M11-40": 0,
    "M11-41": 0,
    "M11-42": 0,
    "M11-43": 0,
    "M11-44": 0,
    "M11-45": 0,
    "M11-5": 0,
    "M11-6": 0,
    "M11-7": 0,
    "M11-8": 0,
    "M11-9": 0,
    "M12-39": 0,
    "M12-40": 0,
    "M12-41": 0,
    "M12-42": 0,
    "M12-43": 0,
    "M12-44": 0,
    "M12-45": 0,
    "M12-A-01-01": 1,
    "M12-A-01-02": 1,
    "M12-A-02-01": 1,
    "M12-A-02-02": 1,
    "M12-A-03-01": 1,
    "M12-A-03-02": 1,
    "M12-A-04-01": 1,
    "M12-A-04-02": 0,
    "M12-A-05-01": 1,
    "M12-A-05-02": 0,
    "M12-A-06-01": 1,
    "M12-A-06-02": 0,
    "M12-A-07-01": 1,
    "M12-A-07-02": 0,
    "M12-A-08-01": 1,
    "M12-A-08-02": 0,
    "M12-A-09-01": 1,
    "M12-A-09-02": 0,
    "M12-A-10-01": 1,
    "M12-A-10-02": 0,
    "M12-A-11-01": 1,
    "M12-A-11-02": 0,
    "M12-A-12-01": 1,
    "M12-A-12-02": 0,
    "M12-B-01-01": 1,
    "M12-B-01-02": 1,
    "M12-B-02-01": 1,
    "M12-B-02-02": 1,
    "M12-B-03-01": 1,
    "M12-B-03-02": 1,
    "M12-B-04-01": 1,
    "M12-B-04-02": 0,
    "M12-B-05-01": 1,
    "M12-B-05-02": 0,
    "M12-B-06-01": 1,
    "M12-B-06-02": 0,
    "M12-B-07-01": 1,
    "M12-B-07-02": 0,
    "M12-B-08-01": 1,
    "M12-B-08-02": 0,
    "M12-B-09-01": 1,
    "M12-B-09-02": 0,
    "M12-B-10-01": 1,
    "M12-B-10-02": 0,
    "M12-B-11-01": 1,
    "M12-B-11-02": 0,
    "M12-B-12-01": 1,
    "M12-B-12-02": 0,
    "M2-1": 0,
    "M2-10": 0,
    "M2-11": 0,
    "M2-12": 0,
    "M2-13": 0,
    "M2-14": 0,
    "M2-15": 0,
    "M2-16": 0,
    "M2-17": 0,
    "M2-18": 0,
    "M2-19": 0,
    "M2-2": 0,
    "M2-20": 0,
    "M2-21": 0,
    "M2-22": 1,
    "M2-23": 1,
    "M2-24": 0,
    "M2-25": 0,
    "M2-26": 0,
    "M2-27": 0,
    "M2-28": 0,
    "M2-29": 0,
    "M2-3": 0,
    "M2-30": 0,
    "M2-31": 0,
    "M2-32": 0,
    "M2-33": 0,
    "M2-34": 0,
    "M2-35": 0,
    "M2-36": 0,
    "M2-37": 0,
    "M2-38": 0,
    "M2-39": 0,
    "M2-4": 0,
    "M2-40": 0,
    "M2-41": 0,
    "M2-42": 0,
    "M2-43": 0,
    "M2-44": 0,
    "M2-45": 0,
    "M2-5": 0,
    "M2-6": 0,
    "M2-7": 0,
    "M2-8": 0,
    "M2-9": 0,
    "M3-1": 0,
    "M3-10": 0,
    "M3-11": 0,
    "M3-12": 0,
    "M3-13": 0,
    "M3-14": 0,
    "M3-15": 0,
    "M3-16": 0,
    "M3-17": 0,
    "M3-18": 0,
    "M3-19": 0,
    "M3-2": 0,
    "M3-20": 1,
    "M3-21": 1,
    "M3-22": 1,
    "M3-23": 1,
    "M3-24": 1,
    "M3-25": 1,
    "M3-26": 1,
    "M3-27": 0,
    "M3-28": 0,
    "M3-29": 0,
    "M3-3": 0,
    "M3-30": 0,
    "M3-31": 0,
    "M3-32": 0,
    "M3-33": 0,
    "M3-34": 0,
    "M3-35": 0,
    "M3-36": 0,
    "M3-37": 0,
    "M3-38": 0,
    "M3-39": 0,
    "M3-4": 0,
    "M3-40": 0,
    "M3-41": 0,
    "M3-42": 0,
    "M3-43": 0,
    "M3-44": 0,
    "M3-45": 0,
    "M3-5": 0,
    "M3-6": 0,
    "M3-7": 0,
    "M3-8": 0,
    "M3-9": 0,
    "M4-1": 0,
    "M4-10": 0,
    "M4-11": 0,
    "M4-12": 0,
    "M4-13": 0,
    "M4-14": 0,
    "M4-15": 0,
    "M4-16": 0,
    "M4-17": 0,
    "M4-18": 1,
    "M4-19": 1,
    "M4-2": 0,
    "M4-20": 1,
    "M4-21": 1,
    "M4-22": 1,
    "M4-23": 1,
    "M4-24": 1,
    "M4-25": 1,
    "M4-26": 1,
    "M4-27": 1,
    "M4-28": 0,
    "M4-29": 0,
    "M4-3": 0,
    "M4-30": 0,
    "M4-31": 0,
    "M4-32": 0,
    "M4-33": 0,
    "M4-34": 0,
    "M4-35": 0,
    "M4-36": 0,
    "M4-37": 0,
    "M4-38": 0,
    "M4-39": 0,
    "M4-4": 0,
    "M4-40": 0,
    "M4-41": 0,
    "M4-42": 0,
    "M4-43": 0,
    "M4-44": 0,
    "M4-45": 0,
    "M4-5": 0,
    "M4-6": 0,
    "M4-7": 0,
    "M4-8": 0,
    "M4-9": 0,
    "M5-1": 0,
    "M5-10": 0,
    "M5-11": 0,
    "M5-12": 0,
    "M5-13": 0,
    "M5-14": 0,
    "M5-15": 0,
    "M5-16": 0,
    "M5-17": 0,
    "M5-18": 1,
    "M5-19": 1,
    "M5-2": 0,
    "M5-20": 1,
    "M5-21": 1,
    "M5-22": 1,
    "M5-23": 1,
    "M5-24": 1,
    "M5-25": 1,
    "M5-26": 1,
    "M5-27": 1,
    "M5-28": 1,
    "M5-29": 0,
    "M5-3": 0,
    "M5-30": 0,
    "M5-31": 0,
    "M5-32": 0,
    "M5-33": 0,
    "M5-34": 0,
    "M5-35": 0,
    "M5-36": 0,
    "M5-37": 0,
    "M5-38": 0,
    "M5-39": 0,
    "M5-4": 0,
    "M5-40": 0,
    "M5-41": 0,
    "M5-42": 0,
    "M5-43": 0,
    "M5-44": 0,
    "M5-45": 0,
    "M5-5": 0,
    "M5-6": 0,
    "M5-7": 0,
    "M5-8": 0,
    "M5-9": 0,
    "M6-1": 0,
    "M6-10": 0,
    "M6-11": 0,
    "M6-12": 0,
    "M6-13": 0,
    "M6-14": 0,
    "M6-15": 0,
    "M6-16": 0,
    "M6-17": 0,
    "M6-18": 0,
    "M6-19": 1,
    "M6-2": 0,
    "M6-20": 1,
    "M6-21": 1,
    "M6-22": 1,
    "M6-23": 1,
    "M6-24": 1,
    "M6-25": 1,
    "M6-26": 1,
    "M6-27": 1,
    "M6-28": 0,
    "M6-29": 0,
    "M6-3": 0,
    "M6-30": 0,
    "M6-31": 0,
    "M6-32": 0,
    "M6-33": 0,
    "M6-34": 0,
    "M6-35": 0,
    "M6-36": 0,
    "M6-37": 0,
    "M6-38": 0,
    "M6-39": 0,
    "M6-4": 0,
    "M6-40": 0,
    "M6-41": 0,
    "M6-42": 0,
    "M6-43": 0,
    "M6-44": 0,
    "M6-45": 0,
    "M6-5": 0,
    "M6-6": 0,
    "M6-7": 0,
    "M6-8": 0,
    "M6-9": 0,
    "M7-1": 0,
    "M7-10": 0,
    "M7-11": 0,
    "M7-12": 0,
    "M7-13": 0,
    "M7-14": 0,
    "M7-15": 0,
    "M7-16": 0,
    "M7-17": 0,
    "M7-18": 1,
    "M7-19": 1,
    "M7-2": 0,
    "M7-20": 1,
    "M7-21": 1,
    "M7-22": 1,
    "M7-23": 1,
    "M7-24": 1,
    "M7-25": 1,
    "M7-26": 1,
    "M7-27": 1,
    "M7-28": 0,
    "M7-29": 0,
    "M7-3": 0,
    "M7-30": 0,
    "M7-31": 0,
    "M7-32": 0,
    "M7-33": 0,
    "M7-34": 0,
    "M7-35": 0,
    "M7-36": 0,
    "M7-37": 0,
    "M7-38": 0,
    "M7-39": 0,
    "M7-4": 0,
    "M7-40": 0,
    "M7-41": 0,
    "M7-42": 0,
    "M7-43": 0,
    "M7-44": 0,
    "M7-45": 0,
    "M7-5": 0,
    "M7-6": 0,
    "M7-7": 0,